{
	"IcoMoonType": "selection",
	"icons": [
		{
			"icon": {
				"paths": [
					"M256 307.2h512l-256 460.8-256-460.8z"
				],
				"attrs": [],
				"isMulticolor": false,
				"tags": [
					"triangle-down"
				],
				"grid": 20
			},
			"attrs": [],
			"properties": {
				"id": 80,
				"order": 3,
				"prevSize": 20,
				"code": 59649,
				"name": "triangle-down"
			},
			"setIdx": 0,
			"setId": 5,
			"iconIdx": 80
		},
		{
			"icon": {
				"paths": [
					"M716.8 256v512l-460.8-256 460.8-256z"
				],
				"attrs": [],
				"isMulticolor": false,
				"tags": [
					"triangle-left"
				],
				"grid": 20
			},
			"attrs": [],
			"properties": {
				"id": 81,
				"order": 2,
				"prevSize": 20,
				"code": 59648,
				"name": "triangle-left"
			},
			"setIdx": 0,
			"setId": 5,
			"iconIdx": 81
		},
		{
			"icon": {
				"paths": [
					"M768 512l-460.8 256v-512l460.8 256z"
				],
				"attrs": [],
				"isMulticolor": false,
				"tags": [
					"triangle-right"
				],
				"grid": 20
			},
			"attrs": [],
			"properties": {
				"id": 82,
				"order": 4,
				"prevSize": 20,
				"code": 59650,
				"name": "triangle-right"
			},
			"setIdx": 0,
			"setId": 5,
			"iconIdx": 82
		},
		{
			"icon": {
				"paths": [
					"M768 716.8h-512l256-460.8 256 460.8z"
				],
				"attrs": [],
				"isMulticolor": false,
				"tags": [
					"triangle-up"
				],
				"grid": 20
			},
			"attrs": [],
			"properties": {
				"id": 83,
				"order": 5,
				"prevSize": 20,
				"code": 59651,
				"name": "triangle-up"
			},
			"setIdx": 0,
			"setId": 5,
			"iconIdx": 83
		},
		{
			"icon": {
				"paths": [
					"M512 0l-235.52 373.76h470.989l-235.469-373.76zM512.051 1024l235.469-373.76-471.040-0.051 235.571 373.811z"
				],
				"attrs": [],
				"isMulticolor": false,
				"tags": [
					"menu",
					"arrows",
					"up-down",
					"dropdown"
				],
				"grid": 20
			},
			"attrs": [],
			"properties": {
				"id": 2,
				"order": 6,
				"prevSize": 20,
				"name": "menu",
				"code": 58886
			},
			"setIdx": 3,
			"setId": 2,
			"iconIdx": 2
		},
		{
			"icon": {
				"paths": [
					"M736 448l-256 256-256-256h160v-384h192v384zM480 704h-480v256h960v-256h-480zM896 832h-128v-64h128v64z"
				],
				"attrs": [],
				"isMulticolor": false,
				"tags": [
					"download",
					"save",
					"store"
				],
				"defaultCode": 58048,
				"grid": 16
			},
			"attrs": [],
			"properties": {
				"id": 0,
				"order": 11,
				"prevSize": 32,
				"code": 59847,
				"ligatures": "download3, save5",
				"name": "download3"
			},
			"setIdx": 4,
			"setId": 1,
			"iconIdx": 0
		},
		{
			"icon": {
				"paths": [
					"M933.79 610.25c-53.726-93.054-21.416-212.304 72.152-266.488l-100.626-174.292c-28.75 16.854-62.176 26.518-97.846 26.518-107.536 0-194.708-87.746-194.708-195.99h-201.258c0.266 33.41-8.074 67.282-25.958 98.252-53.724 93.056-173.156 124.702-266.862 70.758l-100.624 174.292c28.97 16.472 54.050 40.588 71.886 71.478 53.638 92.908 21.512 211.92-71.708 266.224l100.626 174.292c28.65-16.696 61.916-26.254 97.4-26.254 107.196 0 194.144 87.192 194.7 194.958h201.254c-0.086-33.074 8.272-66.57 25.966-97.218 53.636-92.906 172.776-124.594 266.414-71.012l100.626-174.29c-28.78-16.466-53.692-40.498-71.434-71.228zM512 719.332c-114.508 0-207.336-92.824-207.336-207.334 0-114.508 92.826-207.334 207.336-207.334 114.508 0 207.332 92.826 207.332 207.334-0.002 114.51-92.824 207.334-207.332 207.334z"
				],
				"attrs": [],
				"isMulticolor": false,
				"tags": [
					"cog",
					"gear",
					"preferences",
					"settings",
					"generate",
					"control",
					"options"
				],
				"defaultCode": 57823,
				"grid": 16
			},
			"attrs": [],
			"properties": {
				"id": 1,
				"order": 10,
				"prevSize": 32,
				"code": 59796,
				"ligatures": "cog, gear",
				"name": "cog"
			},
			"setIdx": 4,
			"setId": 1,
			"iconIdx": 1
		},
		{
			"icon": {
				"paths": [
					"M864 0c88.364 0 160 71.634 160 160 0 36.020-11.91 69.258-32 96l-64 64-224-224 64-64c26.742-20.090 59.978-32 96-32zM64 736l-64 288 288-64 592-592-224-224-592 592zM715.578 363.578l-448 448-55.156-55.156 448-448 55.156 55.156z"
				],
				"attrs": [],
				"isMulticolor": false,
				"tags": [
					"pencil",
					"write",
					"edit",
					"blog",
					"note"
				],
				"grid": 16
			},
			"attrs": [],
			"properties": {
				"id": 2,
				"order": 5,
				"prevSize": 32,
				"name": "pencil",
				"code": 58880
			},
			"setIdx": 4,
			"setId": 1,
			"iconIdx": 2
		},
		{
			"icon": {
				"paths": [
					"M512 192c-223.318 0-416.882 130.042-512 320 95.118 189.958 288.682 320 512 320 223.314 0 416.878-130.042 512-320-95.116-189.958-288.686-320-512-320zM764.45 361.704c60.162 38.374 111.142 89.774 149.434 150.296-38.292 60.522-89.274 111.922-149.436 150.298-75.594 48.216-162.89 73.702-252.448 73.702-89.56 0-176.856-25.486-252.45-73.704-60.16-38.372-111.14-89.772-149.434-150.296 38.292-60.524 89.274-111.924 149.434-150.296 3.918-2.5 7.876-4.922 11.858-7.3-9.958 27.328-15.408 56.822-15.408 87.596 0 141.384 114.616 256 256 256s256-114.616 256-256c0-30.774-5.45-60.268-15.408-87.598 3.98 2.378 7.938 4.802 11.858 7.302zM512 410c0 53.020-42.98 96-96 96s-96-42.98-96-96 42.98-96 96-96 96 42.98 96 96z"
				],
				"attrs": [],
				"isMulticolor": false,
				"tags": [
					"eye",
					"views",
					"vision",
					"visit"
				],
				"grid": 16
			},
			"attrs": [],
			"properties": {
				"id": 3,
				"order": 9,
				"prevSize": 32,
				"code": 58881,
				"name": "eye"
			},
			"setIdx": 4,
			"setId": 1,
			"iconIdx": 3
		},
		{
			"icon": {
				"paths": [
					"M1014.662 822.66c-0.004-0.004-0.008-0.008-0.012-0.010l-310.644-310.65 310.644-310.65c0.004-0.004 0.008-0.006 0.012-0.010 3.344-3.346 5.762-7.254 7.312-11.416 4.246-11.376 1.824-24.682-7.324-33.83l-146.746-146.746c-9.148-9.146-22.45-11.566-33.828-7.32-4.16 1.55-8.070 3.968-11.418 7.31 0 0.004-0.004 0.006-0.008 0.010l-310.648 310.652-310.648-310.65c-0.004-0.004-0.006-0.006-0.010-0.010-3.346-3.342-7.254-5.76-11.414-7.31-11.38-4.248-24.682-1.826-33.83 7.32l-146.748 146.748c-9.148 9.148-11.568 22.452-7.322 33.828 1.552 4.16 3.97 8.072 7.312 11.416 0.004 0.002 0.006 0.006 0.010 0.010l310.65 310.648-310.65 310.652c-0.002 0.004-0.006 0.006-0.008 0.010-3.342 3.346-5.76 7.254-7.314 11.414-4.248 11.376-1.826 24.682 7.322 33.83l146.748 146.746c9.15 9.148 22.452 11.568 33.83 7.322 4.16-1.552 8.070-3.97 11.416-7.312 0.002-0.004 0.006-0.006 0.010-0.010l310.648-310.65 310.648 310.65c0.004 0.002 0.008 0.006 0.012 0.008 3.348 3.344 7.254 5.762 11.414 7.314 11.378 4.246 24.684 1.826 33.828-7.322l146.746-146.748c9.148-9.148 11.57-22.454 7.324-33.83-1.552-4.16-3.97-8.068-7.314-11.414z"
				],
				"attrs": [],
				"isMulticolor": false,
				"tags": [
					"close",
					"cancel",
					"quit",
					"remove",
					"cross"
				],
				"grid": 16
			},
			"attrs": [],
			"properties": {
				"id": 4,
				"order": 4,
				"prevSize": 32,
				"name": "close",
				"code": 58882
			},
			"setIdx": 4,
			"setId": 1,
			"iconIdx": 4
		},
		{
			"icon": {
				"paths": [
					"M864 128l-480 480-224-224-160 160 384 384 640-640z"
				],
				"attrs": [],
				"isMulticolor": false,
				"tags": [
					"checkmark",
					"tick",
					"correct",
					"accept",
					"ok"
				],
				"grid": 16
			},
			"attrs": [],
			"properties": {
				"id": 5,
				"order": 3,
				"prevSize": 32,
				"name": "checkmark",
				"code": 58883
			},
			"setIdx": 4,
			"setId": 1,
			"iconIdx": 5
		},
		{
			"icon": {
				"paths": [
					"M0 416v192c0 17.672 14.328 32 32 32h960c17.672 0 32-14.328 32-32v-192c0-17.672-14.328-32-32-32h-960c-17.672 0-32 14.328-32 32z"
				],
				"attrs": [],
				"isMulticolor": false,
				"tags": [
					"minus",
					"minimize",
					"subtract"
				],
				"grid": 16
			},
			"attrs": [],
			"properties": {
				"id": 6,
				"order": 2,
				"prevSize": 32,
				"name": "minus",
				"code": 58884
			},
			"setIdx": 4,
			"setId": 1,
			"iconIdx": 6
		},
		{
			"icon": {
				"paths": [
					"M992 384h-352v-352c0-17.672-14.328-32-32-32h-192c-17.672 0-32 14.328-32 32v352h-352c-17.672 0-32 14.328-32 32v192c0 17.672 14.328 32 32 32h352v352c0 17.672 14.328 32 32 32h192c17.672 0 32-14.328 32-32v-352h352c17.672 0 32-14.328 32-32v-192c0-17.672-14.328-32-32-32z"
				],
				"attrs": [],
				"isMulticolor": false,
				"tags": [
					"plus",
					"add",
					"sum"
				],
				"grid": 16
			},
			"attrs": [],
			"properties": {
				"id": 7,
				"order": 1,
				"prevSize": 32,
				"name": "plus",
				"code": 58885
			},
			"setIdx": 4,
			"setId": 1,
			"iconIdx": 7
		}
	],
	"height": 1024,
	"metadata": {
		"name": "form-manager"
	},
	"preferences": {
		"fontPref": {
			"prefix": "icon-",
			"metadata": {
				"fontFamily": "form-manager",
				"majorVersion": 1,
				"minorVersion": 0
			},
			"showGlyphs": true,
			"metrics": {
				"emSize": 1024,
				"baseline": 6.25,
				"whitespace": 50
			},
			"resetPoint": 58880,
			"showQuickUse": true,
			"quickUsageToken": false,
			"showMetrics": true,
			"showMetadata": false,
			"embed": false
		},
		"imagePref": {
			"color": 0,
			"height": 32,
			"columns": 16,
			"margin": 16,
			"png": false,
			"sprites": true,
			"prefix": "icon-"
		},
		"historySize": 100,
		"showCodes": true,
		"gridSize": 16,
		"showLiga": false,
		"showGrid": true,
		"showGlyphs": true,
		"showQuickUse": true,
		"showQuickUse2": true,
		"showSVGs": true,
		"search": ""
	}
}